epoch,lr-Adam,step,train_loss1_step,train_loss2_step,train_loss_step
,0.0001,49,,,
0,,49,0.01482376828789711,2.9677676138817333e-05,0.01506118942052126
,0.0001,99,,,
0,,99,0.006938683334738016,1.3932007277617231e-05,0.0070501393638551235
,0.0001,149,,,
0,,149,0.005638490431010723,1.1330839697620831e-05,0.005729136988520622
